ask_who,ai đang đứng trong ảnh kia,ai cho mình cái này
ask_who,ai đang đứng trong ảnh kia,ai đang đứng cho bạn kia
ask_who,ai đang đứng trong ảnh kia,ai đang đứng trong anh kia
ask_who,ai đang đứng trong ảnh kia,ai đang đứng trong ảnh kia
ask_who,ai đang đứng trong ảnh kia,ai đang đứng trong ảnh kia
ask_who,ai đang đứng trong ảnh kia,ai đang đứng trong ảnh kia
ask_who,ai đang đứng trong ảnh kia,ai đánh đức trong anh
ask_who,người kia là ai,ngày kia là
ask_who,người kia là ai,người chết là ai
ask_who,người kia là ai,người kia là ai
ask_who,người kia là ai,người kia là ai
ask_who,người kia là ai,người kia là ai
ask_who,người kia là ai,người kia là ai
ask_who,người kia là ai,người kia là ai
ask_who,người kia là ai,người kia là ai
ask_who,người kia là ai,người kia là ai
ask_who,người kia là ai,người kia là ai
ask_who,nhân vật nào đang đứng trong ảnh,nhân vật đáng đứng trong
ask_who,nhân vật nào đang đứng trong ảnh,nhân vật nào đang đứng trong ảnh
ask_who,nhân vật nào đang đứng trong ảnh,nhân vật nào đáng đứng trong anh
ask_who,nhân vật nào đang đứng trong ảnh,nhưng trong ảnh
ask_who,người trong ảnh kia là ai,người chồng anh kia là ai
ask_who,người trong ảnh kia là ai,người chồng anh kia là ai
ask_who,người trong ảnh kia là ai,người tên anh là ai
ask_who,người trong ảnh kia là ai,người tiếng anh là ai
ask_who,người trong ảnh kia là ai,người trên ảnh là ai
ask_who,người trong ảnh kia là ai,người trong ảnh kia là ai
ask_who,người trong ảnh kia là ai,người trong ảnh kia là ai
ask_who,người trong ảnh kia là ai,người trong ảnh kia là ai
ask_who,người trong ảnh kia là ai,người trong ảnh kia là ai
ask_who,người trong ảnh kia là ai,người trong ảnh kia là a
ask_who,ai là người trong ảnh,ai là người đông anh
ask_who,ai là người trong ảnh,ai là người đóng băng
ask_who,ai là người trong ảnh,ai là người trong ảnh
ask_who,ai là người trong ảnh,ai là người trong ảnh
ask_who,ai là người trong ảnh,ai là người trong ảnh
ask_who,ai là người trong ảnh,ai là người trong ảnh
ask_who,ai là người trong ảnh,ai là người trong ảnh kia
ask_who,ai là người trong ảnh,ai là người trong ảnh kia
ask_who,ai là người trong ảnh,ai là người trong các thế kỉ
ask_who,ai là nhân vật chính trong bức tranh này,ai là nhân vật chính trong bức tranh
ask_who,ai là nhân vật chính trong bức tranh này,ai là nhân vật chính trong bức tranh này
ask_who,ai là nhân vật chính trong bức tranh này,ai là nhân vật chính trong bức tranh này
ask_who,ai là nhân vật chính trong bức tranh này,ai là nhân vật chính trong bức tranh này
ask_who,ai là nhân vật chính trong bức tranh này,ai là nhân vật chính trong bức tranh này
ask_who,ai là nhân vật chính trong bức tranh này,ai là nhân vật chính trong bức tranh này
ask_who,ai là nhân vật chính trong bức tranh này,ai là nhân vật chính trong bức tranh này
ask_who,đây là ai,đây là
ask_who,đây là ai,đây là ai
ask_who,đây là ai,đây là ai
ask_who,đây là ai,đây là ai
ask_who,đây là ai,đây là ai
ask_who,đây là ai,đây là ai
ask_who,đây là ai,đây là ai
ask_who,đây là ai,đây này
ask_who,kia là ai,kia là ai
ask_who,kia là ai,kia là ai
ask_who,kia là ai,kia là ai
ask_who,kia là ai,kia là ai
ask_who,kia là ai,kia là ai
ask_who,kia là ai,kia là ai
ask_who,kia là ai,gia lai
ask_what,kia là cái gì,kem là cái gì
ask_what,kia là cái gì,kêu là cái gì vậy
ask_what,kia là cái gì,khi là cái chi
ask_what,kia là cái gì,kia là cái gì
ask_what,kia là cái gì,kia là cái gì
ask_what,kia là cái gì,kia là cái gì
ask_what,kia là cái gì,kia là cái gì
ask_what,kia là cái gì,kia là cái gì
ask_what,kia là cái gì,kia là cái gì
ask_what,kia là cái gì,là cái gì
ask_what,kia là cái gì,t là cái gì
ask_what,ảnh này nói về vấn đề gì vậy,ảnh này nói về cái gì
ask_what,ảnh này nói về vấn đề gì vậy,ảnh này nói về cái gì vậy
ask_what,ảnh này nói về vấn đề gì vậy,ảnh này nói về cái gì vậy
ask_what,ảnh này nói về vấn đề gì vậy,ảnh này nói về vấn đề gì
ask_what,ảnh này nói về vấn đề gì vậy,ảnh này nói về vấn đề gì
ask_what,ảnh này nói về vấn đề gì vậy,ảnh này nói về vấn đề gì vậy
ask_what,ảnh này nói về vấn đề gì vậy,ảnh này nói về vấn đề gì vậy
ask_what,ảnh này nói về vấn đề gì vậy,ảnh này nói về vấn đề gì vậy
ask_what,ảnh này nói về vấn đề gì vậy,ảnh này nói về vấn đề gì vậy
ask_what,ảnh này nói về vấn đề gì vậy,ảnh này nói về vấn đề gì vậy
ask_what,ảnh này nói về vấn đề gì vậy,cái này nói về cái gì
ask_what,ảnh này nói về vấn đề gì vậy,cảnh này nói về cái gì
ask_what,ảnh này nói về vấn đề gì vậy,nói về cái gì
ask_what,ảnh này nói về vấn đề gì vậy,tháng này nói về vấn đề gì
ask_what,bạn có thể giải thích cho tôi về bức ảnh này được không,bạn có thể giải thích cho tôi những bức ảnh này được không
ask_what,bạn có thể giải thích cho tôi về bức ảnh này được không,bạn có thể giải thích cho tôi về bức ảnh này được không
ask_what,bạn có thể giải thích cho tôi về bức ảnh này được không,bạn có thể giải thích cho tôi về bức ảnh này được không
ask_what,bạn có thể giải thích cho tôi về bức ảnh này được không,bạn có thể giải thích cho tôi về bức ảnh này được không
ask_what,bạn có thể giải thích cho tôi về bức ảnh này được không,bạn có thể giải thích cho tôi về bức ảnh này được không
ask_what,bức ảnh này nói về cái gì,bật cái gì
ask_what,bức ảnh này nói về cái gì,bật ở đó là cái gì
ask_what,bức ảnh này nói về cái gì,bến xe nói cái gì
ask_what,bức ảnh này nói về cái gì,bữa nay nó bị cái gì
ask_what,bức ảnh này nói về cái gì,bức ảnh này nói về cái
ask_what,bức ảnh này nói về cái gì,bức ảnh này nói về cái gì
ask_what,bức ảnh này nói về cái gì,bức ảnh này nói về cái gì
ask_what,bức ảnh này nói về cái gì,bức ảnh này nói về cái gì
ask_what,bức ảnh này nói về cái gì,bức ảnh này nói về cái gì
ask_what,bức ảnh này nói về cái gì,bức ảnh này nói về cái gì
ask_what,bức ảnh này nói về cái gì,bức ảnh này nói về cái gì
ask_what,bức ảnh này nói về cái gì,bức ảnh này nói về cái gì
ask_what,bức ảnh này nói về cái gì,bức ảnh này nói về cái gì
ask_what,bức ảnh này nói về cái gì,bức ảnh nói về cái gì
ask_what,bức ảnh này nói về cái gì,bức ảnh nói về cái gì
ask_what,bức tranh này nói về cái gì thế,bến xe này nói về cái gì
ask_what,bức tranh này nói về cái gì thế,bức ảnh này nói về cái gì
ask_what,bức tranh này nói về cái gì thế,bức tranh này nói về cái gì
ask_what,bức tranh này nói về cái gì thế,bức tranh này nói về cái gì
ask_what,bức tranh này nói về cái gì thế,bức tranh này nói về cái gì
ask_what,bức tranh này nói về cái gì thế,bức tranh này nói về cái gì
ask_what,bức tranh này nói về cái gì thế,bức tranh này nói về cái gì
ask_what,bức tranh này nói về cái gì thế,bức tranh này nói về cái gì thế
ask_what,bức tranh này nói về cái gì thế,bức tranh này nói về cái gì thế
ask_what,bức tranh này nói về cái gì thế,bức tranh nói về cái gì
ask_what,bức tranh này nói về cái gì thế,bức tranh nói về cái gì
ask_what,bức tranh này nói về cái gì thế,này nói về cái gì
ask_what,đây là cái chi,đang làm gì vậy
ask_what,đây là cái chi,đây là cái chi
ask_what,đây là cái chi,đây là cái chi
ask_what,đây là cái chi,đây là cái chi
ask_what,đây là cái chi,đây là cái chi
ask_what,đây là cái chi,đây là cái chi
ask_what,đây là cái gì,đây là cái gì
ask_what,đây là cái gì,đây là cái gì
ask_what,đây là cái gì,đây là cái gì
ask_what,đây là cái gì,đây là cái gì
ask_what,đây là cái gì,đây là cái gì
ask_what,đây là cái gì,đây là cái gì
ask_what,đây là cái gì,đây là cái gì
ask_what,đây là cái gì,đây là cái gì
ask_what,đây là cái gì,đây là cái gì
ask_what,đây là cái gì,đây là cái gì
ask_what,đây là cái gì,đây là cái gì
ask_what,đây là cái gì,đây là cái gì
ask_what,đây là cái gì,đây là cái gì
ask_what,đây là cái gì,đây là cái gì
ask_what,đây là cái gì,đây là cái gì
ask_what,đây là cái gì,đây là cái gì
ask_what,đây là cái gì,đây là cái gì
ask_what,đây là cái gì,đây là cái gì
ask_what,đây là cái gì,đây là cái gì
ask_what,đây là cái gì,đây là cái gì
ask_what,đây là cái gì,đây là cái gì
ask_what,đây là cái gì,đây là cái gì
ask_what,đây là cái gì,đây là cái gì
ask_what,đây là cái gì,đây là cái gì
ask_what,đây là cái gì,đây là cái gì
ask_what,đây là cái gì,đây là cái gì
ask_what,đây là cái gì,đây là cái gì
ask_what,đây là cái gì,đây là cái gì
ask_what,đây là cái gì,đây là cái gì
ask_what,đây là cái gì vậy,đây là cái gì vậy
ask_what,đây là cái gì vậy,đây là cái gì vậy
ask_what,hãy giải thích cho tôi về bức ảnh này được không,hãy giải thích cho tôi về bức ảnh này được không
ask_what,hãy giải thích cho tôi về bức ảnh này được không,hãy giải thích cho tôi về bức ảnh này được không
ask_what,hãy giải thích cho tôi về bức ảnh này được không,hãy giải thích cho tôi về vấn đề này được
ask_what,vật này là cái gì vậy,cái này là cái gì vậy
ask_what,vật này là cái gì vậy,vật này là cái gì vậy
ask_what,vật này là cái gì vậy,vật này là cái gì vậy
ask_what,vật này là cái gì vậy,vật này là cái gì vậy
ask_what,vật này là cái gì vậy,vật này là cái gì vậy
ask_what,vật này là cái gì vậy,vật này là cái gì vậy
ask_what,vật này là cái gì vậy,vật này là cái gì vậy
ask_what,vật này là cái gì vậy,vật này là cái gì vậy
ask_what,vật này là cái gì vậy,vật này là cái gì vậy
ask_what,vật ở đó là cái gì,vật ở đó là cái gì
ask_what,vật ở đó là cái gì,vật ở đó là cái gì
ask_what,vật ở đó là cái gì,vật ở đó là cái gì
ask_what,vật ở đó là cái gì,vật ở đó là cái gì
ask_what,những người trong tranh đang làm gì thế,những người trong tay đang làm gì
ask_what,những người trong tranh đang làm gì thế,những người trong tranh đang làm gì
ask_what,những người trong tranh đang làm gì thế,những người trong tranh đang làm gì
ask_what,những người trong tranh đang làm gì thế,những người trong tranh đang làm gì
ask_what,những người trong tranh đang làm gì thế,những người trong tranh đang làm gì thế
ask_what,những người trong tranh đang làm gì thế,những người trong tranh đang làm gì thế
ask_what,những người trong tranh đang làm gì vậy,những người trong tranh đang làm gì vậy
ask_what,những người trong tranh đang làm gì vậy,những người trong tranh đang làm gì vậy
ask_what,những người trong tranh đang làm gì vậy,những người trong tranh đang làm gì vậy
ask_what,những người trong tranh đang làm gì vậy,những người trong tranh đang làm gì vậy
ask_what,những người trong tranh đang làm gì vậy,những người trong tranh đang làm gì vậy
ask_where,đây là đâu,đây là đâu
ask_where,đây là đâu,đây là đâu
ask_where,đây là đâu,đây là đâu
ask_where,đây là đâu,đây là đâu
ask_where,đây là đâu,đây là đâu
ask_where,đây là đâu,đây là đâu
ask_where,đây là đâu,đây là đâu
ask_where,bức ảnh được chụp ở đâu,bữa nay chủ ở đâu
ask_where,bức ảnh được chụp ở đâu,bức ảnh được chụp
ask_where,bức ảnh được chụp ở đâu,bức ảnh được chụp ở
ask_where,bức ảnh được chụp ở đâu,bức ảnh được chụp ở đâu
ask_where,bức ảnh được chụp ở đâu,bức ảnh được chụp ở đâu
ask_where,bức ảnh được chụp ở đâu,bức ảnh được chụp ở đâu
ask_where,bức ảnh được chụp ở đâu,bức ảnh được chụp ở đâu
ask_where,bức ảnh được chụp ở đâu,bức ảnh được chụp ở đâu
ask_where,bức ảnh được chụp ở đâu,bức ảnh được chụp ở đâu
ask_where,bức ảnh được chụp ở đâu,bức ảnh được chụp ở đâu
ask_where,a,người trong bức ảnh đang ở đâu
ask_where,a,sự kiện trong ảnh được tổ chức ở đâu
ask_where,a,trong ảnh là địa điểm nào
ask_where,a,nơi trong ảnh là ở đâu
ask_where,a,chỗ trong ảnh là chỗ nào
ask_where,a,địa điểm trong ảnh là ở đâu
ask_where,a,Đại tướng Võ Nguyên Giáp từng học ở đâu
ask_location,lối ra ở chỗ nào,lối ra ở
ask_location,lối ra ở chỗ nào,lối ra ở chỗ nào
ask_location,lối ra ở chỗ nào,lối ra ở chỗ nào
ask_location,lối ra ở chỗ nào,lối ra ở chỗ nào
ask_location,lối ra ở chỗ nào,lối ra ở chỗ nào
ask_location,lối ra ở chỗ nào,lối ra ở chỗ nào
ask_location,lối ra ở chỗ nào,lối ra ở đâu
ask_location,lối ra ở chỗ nào,lối ra ở đâu
ask_location,lối ra ở đâu,lời giải ở đâu
ask_location,lối ra ở đâu,lối ra ở đâu
ask_location,lối ra ở đâu,lối ra ở đâu
ask_location,lối ra ở đâu,lối ra ở đâu
ask_location,lối ra ở đâu,lối ra ở đâu
ask_location,lối ra ở đâu,người lạ ở chỗ
ask_location,lối ra ở đâu,người ta ở đâu
ask_location,lối ra ở đâu,tôi đang ở đâu
ask_location,lối ra ở đâu,tôi là ở chỗ nào
ask_location,lối ra ở đâu,về đâu
ask_location,nhà vệ sinh ở đâu,nhà vệ sinh ở
ask_location,nhà vệ sinh ở đâu,nhà vệ sinh ở đâu
ask_location,nhà vệ sinh ở đâu,nhà vệ sinh ở đâu
ask_location,nhà vệ sinh ở đâu,nhà vệ sinh ở đâu
ask_location,nhà vệ sinh ở đâu,nhà vệ sinh ở đâu
ask_location,nhà vệ sinh ở đâu,nhà vệ sinh ở đâu
ask_location,nhà vệ sinh ở đâu,nhà vệ sinh ở đâu
ask_location,nhà vệ sinh ở đâu,nhà vệ sinh ở đâu
ask_location,nhà vệ sinh ở đâu,nhà vệ sinh ở đâu
ask_location,nhà vệ sinh ở đâu,em xinh ở chỗ nào
ask_location,nhà vệ sinh ở hướng nào,nhà vệ sinh ở hưng
ask_location,nhà vệ sinh ở hướng nào,nhà vệ sinh ở hướng
ask_location,nhà vệ sinh ở hướng nào,nhà vệ sinh ở hướng nào
ask_location,nhà vệ sinh ở hướng nào,nhà vệ sinh ở hướng nào
ask_location,nhà vệ sinh ở hướng nào,nhà vệ sinh ở hướng nào
ask_location,nhà vệ sinh ở hướng nào,nhà vệ sinh ở hướng nào
ask_location,nhà vệ sinh ở hướng nào,nhà vệ sinh ở hướng nào
ask_location,nhà vệ sinh ở hướng nào,nhà vệ sinh ở hướng nào
ask_location,nhà vệ sinh ở hướng nào,nhà vệ sinh ở hướng nào
ask_location,tòa nhà điều hành nằm ở vị trí nào,tòa điều hành ở
ask_location,tòa nhà điều hành nằm ở vị trí nào,tòa điều hành ở
ask_location,tòa nhà điều hành nằm ở vị trí nào,tòa nhà điều hành nằm ở vị trí
ask_location,tòa nhà điều hành nằm ở vị trí nào,tòa nhà điều hành nằm ở vị trí nào
ask_location,tòa nhà điều hành nằm ở vị trí nào,tòa nhà điều hành nằm ở vị trí nào
ask_location,tòa nhà điều hành nằm ở vị trí nào,tòa nhà điều hành nằm ở vị trí nào
ask_location,tòa nhà điều hành nằm ở vị trí nào,tòa nhà điều hành nằm ở vị trí nào
ask_location,tòa nhà điều hành nằm ở vị trí nào,tòa nhà điều hành nằm ở vị trí nào
ask_location,tòa nhà điều hành nằm ở vị trí nào,tòa nhà điều hành nằm ở vị trí nào
ask_location,tòa nhà điều hành nằm ở vị trí nào,tòa nhà điều hành nằm ở vị trí nào
ask_location,tòa nhà điều hành nằm ở vị trí nào,tòa nhà điều hành nằm ở vị trí nào
ask_location,tòa nhà điều hành nằm ở vị trí nào,tòa nhà điều hành nằm ở vị trí nào
ask_location,tòa nhà điều hành nằm ở vị trí nào,tòa nhà điều hành ở đâu
ask_location,tòa nhà điều hành nằm ở vị trí nào,tòa nhà điều hành ở đâu
ask_location,tòa nhà điều hành ở đâu,tòa nhà điều hành ở đâu
ask_location,tòa nhà điều hành ở đâu,tòa nhà điều hành ở đâu
ask_location,tòa nhà điều hành ở đâu,tòa nhà điều hành ở đâu
ask_location,tòa nhà điều hành ở đâu,tòa nhà điều hành ở đâu
ask_location,tòa nhà điều hành ở đâu,tòa nhà điều hành ở đâu